file,bytes,format,width,height
coffee-480.webp,46362,webp,480,856
coffee-960.webp,105228,webp,953,1700
croissants-480.webp,46986,webp,480,856
croissants-960.webp,123990,webp,953,1700
font-0.woff2,12252,woff2,,
font-1.woff2,12432,woff2,,
font-2.woff2,12308,woff2,,
font-3.woff2,12432,woff2,,
font-4.woff2,21128,woff2,,
font-5.woff2,16396,woff2,,
font-6.woff2,16720,woff2,,
logo.webp,17860,webp,320,320
menu-480.webp,82536,webp,480,853
menu-960.webp,220930,webp,941,1672
nutella-480.webp,34478,webp,480,856
nutella-960.webp,77954,webp,954,1700
rice-960.webp,188830,webp,960,1200
table-480.webp,32410,webp,480,852
table-960.webp,75550,webp,958,1700
